"Priority","ID","Pattern_ID","Conditions","Impact","WCAG_SC","WCAG_Level","WCAG_Name","Rule_ID","Pages_Affected","Pct_Pages","Is_Template_Issue","Summary","Selector","Likely_Template","Drupal_File","Expected","Actual","Suggested_Fix","Drupal_Issue","Axe_URL","Instance_IDs","Affected_Page_Paths"
"1","DRUPAL-A11Y-001","DRU-6CA3D5EB","admin-dark::dark::desktop | admin-dark::dark::mobile | admin::light::desktop | admin::light::mobile | claro-dark::dark::desktop | claro-dark::dark::mobile | claro::light::desktop | claro::light::mobile","critical","1.3.1","A","Info and Relationships","label","2","0%","no","label: Ensure every form element has a label","#edit-imagefile-file-limited-N-display","unknown","See likely_template above","","","See axe documentation.","","https://dequeuniversity.com/rules/axe/4.11/label?application=playwright","INS-94BD37A1; INS-B2D7B1D7","/contact/imagefile_file; /contact/imagefile_file"
"2","DRUPAL-A11Y-002","DRU-91A2ED54","admin-dark::dark::desktop | admin-dark::dark::mobile | admin::light::desktop | admin::light::mobile | claro-dark::dark::desktop | claro-dark::dark::mobile | claro::light::desktop | claro::light::mobile","critical","1.3.1","A","Info and Relationships","label","2","0%","no","label: Ensure every form element has a label","#edit-imagefile-file-limited-dis-N-display","unknown","See likely_template above","","","See axe documentation.","","https://dequeuniversity.com/rules/axe/4.11/label?application=playwright","INS-7B9BD2A8; INS-F76BAB53","/contact/imagefile_file; /contact/imagefile_file"
"3","DRUPAL-A11Y-003","DRU-987EB788","admin-dark::dark::desktop | admin-dark::dark::mobile | admin::light::desktop | admin::light::mobile | claro-dark::dark::desktop | claro-dark::dark::mobile | claro::light::desktop | claro::light::mobile","serious","1.3.1","A","Info and Relationships","label-title-only","6","1%","YES","""Select all rows"" checkbox is labeled only by its title attribute","input[title=""Select all rows in this table""]","unknown","core/themes/claro/templates/classy/dataset/table.html.twig     core/themes/admin/templates/dataset/table.html.twig","Checkbox has a visible or visually-hidden <label>, or aria-label","input[title=""Select all rows in this table""] — title is the sole label source","Replace the title-only label with aria-label:  <!-- Before (broken) --> <input type=""checkbox"" title=""{{ 'Select all rows in this table'|t }}"">  <!-- After (fixed) --> <input type=""checkbox""   aria-label=""{{ 'Select all rows in this table'|t }}"">","https://www.drupal.org/project/drupal/issues/new","https://dequeuniversity.com/rules/axe/4.11/label-title-only?application=playwright","INS-631CA206; INS-5F43B594; INS-D6A47BCB; INS-D9AD9720; INS-AFFA444F; INS-41328F01","/admin/people; /admin/people; /admin/content; /admin/content; /table; /table"
"4","DRUPAL-A11Y-004","DRU-44C01FEA","claro-dark::dark::desktop | claro-dark::dark::mobile | claro::light::desktop | claro::light::mobile","serious","1.4.3","AA","Contrast (Minimum)","color-contrast","4","1%","YES","color-contrast: Ensure the contrast between foreground and background colors meets WCAG 2 AA min","#edit-submit","unknown","See likely_template above","","","Check foreground/background color combinations. Ensure ratio ≥ 4.5:1 for normal text, ≥ 3:1 for large text (18pt or 14pt bold). Update the relevant CSS file.","","https://dequeuniversity.com/rules/axe/4.11/color-contrast?application=playwright","INS-FF0DA1EB; INS-2484DC91; INS-C1A3581E; INS-4A227943","/admin/content; /admin/content; /admin/people; /admin/people"
"5","DRUPAL-A11Y-005","DRU-0FE6F716","admin-dark::dark::desktop | admin-dark::dark::mobile | admin::light::desktop | admin::light::mobile","serious","1.3.1","A","Info and Relationships","label-title-only","2","0%","no","""Select all rows"" checkbox is labeled only by its title attribute",".gin--sticky-table-header > thead > tr > .select-all.gin--sticky-bulk-select > .form-checkbox.form-boolean[title=""Select all rows in this table""]","page.html.twig","core/themes/claro/templates/classy/dataset/table.html.twig     core/themes/admin/templates/dataset/table.html.twig","Checkbox has a visible or visually-hidden <label>, or aria-label","input[title=""Select all rows in this table""] — title is the sole label source","Replace the title-only label with aria-label:  <!-- Before (broken) --> <input type=""checkbox"" title=""{{ 'Select all rows in this table'|t }}"">  <!-- After (fixed) --> <input type=""checkbox""   aria-label=""{{ 'Select all rows in this table'|t }}"">","https://www.drupal.org/project/drupal/issues/new","https://dequeuniversity.com/rules/axe/4.11/label-title-only?application=playwright","INS-311ACB28; INS-70DF180C","/admin/content; /admin/content"
"6","DRUPAL-A11Y-006","DRU-ABDD422A","admin-dark::dark::desktop | admin-dark::dark::mobile | admin::light::desktop | admin::light::mobile","serious","1.3.1","A","Info and Relationships","label-title-only","2","0%","no","""Select all rows"" checkbox is labeled only by its title attribute",".views-table > thead > tr > .select-all.gin--sticky-bulk-select > .form-checkbox.form-boolean[title=""Select all rows in this table""]","unknown","core/themes/claro/templates/classy/dataset/table.html.twig     core/themes/admin/templates/dataset/table.html.twig","Checkbox has a visible or visually-hidden <label>, or aria-label","input[title=""Select all rows in this table""] — title is the sole label source","Replace the title-only label with aria-label:  <!-- Before (broken) --> <input type=""checkbox"" title=""{{ 'Select all rows in this table'|t }}"">  <!-- After (fixed) --> <input type=""checkbox""   aria-label=""{{ 'Select all rows in this table'|t }}"">","https://www.drupal.org/project/drupal/issues/new","https://dequeuniversity.com/rules/axe/4.11/label-title-only?application=playwright","INS-F4DA69C2; INS-098B09CD","/admin/content; /admin/content"
"7","DRUPAL-A11Y-007","DRU-E628CE46","admin-dark::dark::desktop | admin-dark::dark::mobile | admin::light::desktop | admin::light::mobile","serious","1.4.3","AA","Contrast (Minimum)","color-contrast","2","0%","no","color-contrast: Ensure the contrast between foreground and background colors meets WCAG 2 AA min","summary","unknown","See likely_template above","","","Check foreground/background color combinations. Ensure ratio ≥ 4.5:1 for normal text, ≥ 3:1 for large text (18pt or 14pt bold). Update the relevant CSS file.","","https://dequeuniversity.com/rules/axe/4.11/color-contrast?application=playwright","INS-71EFBE79; INS-CEE7A7E5","/admin/people; /admin/people"
"8","DRUPAL-A11Y-008","DRU-E162FE14","admin-dark::dark::desktop | admin-dark::dark::mobile | admin::light::desktop | admin::light::mobile","serious","1.4.3","AA","Contrast (Minimum)","color-contrast","2","0%","no","color-contrast: Ensure the contrast between foreground and background colors meets WCAG 2 AA min","summary > em:nth-child(1)","unknown","See likely_template above","","","Check foreground/background color combinations. Ensure ratio ≥ 4.5:1 for normal text, ≥ 3:1 for large text (18pt or 14pt bold). Update the relevant CSS file.","","https://dequeuniversity.com/rules/axe/4.11/color-contrast?application=playwright","INS-599E4E6F; INS-D6C3D79C","/admin/people; /admin/people"
"9","DRUPAL-A11Y-009","DRU-B2F1D7CF","admin-dark::dark::desktop | admin-dark::dark::mobile | admin::light::desktop | admin::light::mobile","serious","1.4.3","AA","Contrast (Minimum)","color-contrast","2","0%","no","color-contrast: Ensure the contrast between foreground and background colors meets WCAG 2 AA min","em:nth-child(2)","unknown","See likely_template above","","","Check foreground/background color combinations. Ensure ratio ≥ 4.5:1 for normal text, ≥ 3:1 for large text (18pt or 14pt bold). Update the relevant CSS file.","","https://dequeuniversity.com/rules/axe/4.11/color-contrast?application=playwright","INS-4FF78378; INS-15BCDDA4","/admin/people; /admin/people"
"10","DRUPAL-A11Y-010","DRU-0587792E","admin-dark::dark::desktop | admin-dark::dark::mobile | admin::light::desktop | admin::light::mobile","serious","1.4.3","AA","Contrast (Minimum)","color-contrast","2","0%","no","color-contrast: Ensure the contrast between foreground and background colors meets WCAG 2 AA min","em:nth-child(3)","unknown","See likely_template above","","","Check foreground/background color combinations. Ensure ratio ≥ 4.5:1 for normal text, ≥ 3:1 for large text (18pt or 14pt bold). Update the relevant CSS file.","","https://dequeuniversity.com/rules/axe/4.11/color-contrast?application=playwright","INS-DE80BAA9; INS-F76983F2","/admin/people; /admin/people"
"11","DRUPAL-A11Y-011","DRU-FE1EFDAE","admin-dark::dark::desktop | admin-dark::dark::mobile | admin::light::desktop | admin::light::mobile","serious","1.4.3","AA","Contrast (Minimum)","color-contrast","2","0%","no","color-contrast: Ensure the contrast between foreground and background colors meets WCAG 2 AA min","em:nth-child(4)","unknown","See likely_template above","","","Check foreground/background color combinations. Ensure ratio ≥ 4.5:1 for normal text, ≥ 3:1 for large text (18pt or 14pt bold). Update the relevant CSS file.","","https://dequeuniversity.com/rules/axe/4.11/color-contrast?application=playwright","INS-2F192593; INS-A658A5E7","/admin/people; /admin/people"
"12","DRUPAL-A11Y-012","DRU-CC36FB25","admin-dark::dark::desktop | admin-dark::dark::mobile | admin::light::desktop | admin::light::mobile | claro-dark::dark::desktop | claro-dark::dark::mobile | claro::light::desktop | claro::light::mobile","serious","2.4.3","A","Focus Order","tabindex","2","0%","no","tabindex: Ensure tabindex attribute values are not greater than 0","#edit-submit","unknown","See likely_template above","","","See axe documentation.","","https://dequeuniversity.com/rules/axe/4.11/tabindex?application=playwright","INS-8D919E9F; INS-CAB80BF0","/buttons; /buttons"
"13","DRUPAL-A11Y-013","DRU-83608BCC","admin-dark::dark::desktop | admin-dark::dark::mobile | admin::light::desktop | admin::light::mobile | claro-dark::dark::desktop | claro-dark::dark::mobile | claro::light::desktop | claro::light::mobile","serious","2.4.3","A","Focus Order","tabindex","2","0%","no","tabindex: Ensure tabindex attribute values are not greater than 0","#edit-danger","unknown","See likely_template above","","","See axe documentation.","","https://dequeuniversity.com/rules/axe/4.11/tabindex?application=playwright","INS-A357FA62; INS-1A8E3C8A","/buttons; /buttons"
"14","DRUPAL-A11Y-014","DRU-038DEA2A","admin-dark::dark::desktop | admin-dark::dark::mobile | admin::light::desktop | admin::light::mobile | claro-dark::dark::desktop | claro-dark::dark::mobile | claro::light::desktop | claro::light::mobile","serious","2.4.3","A","Focus Order","tabindex","2","0%","no","tabindex: Ensure tabindex attribute values are not greater than 0","#edit-cancel","unknown","See likely_template above","","","See axe documentation.","","https://dequeuniversity.com/rules/axe/4.11/tabindex?application=playwright","INS-4881B6B1; INS-156540A8","/buttons; /buttons"
"15","DRUPAL-A11Y-015","DRU-8F0039FE","admin-dark::dark::desktop | admin-dark::dark::mobile | admin::light::desktop | admin::light::mobile | claro-dark::dark::desktop | claro-dark::dark::mobile | claro::light::desktop | claro::light::mobile","serious","2.4.3","A","Focus Order","tabindex","2","0%","no","tabindex: Ensure tabindex attribute values are not greater than 0","#edit-submit--N","unknown","See likely_template above","","","See axe documentation.","","https://dequeuniversity.com/rules/axe/4.11/tabindex?application=playwright","INS-00588EC7; INS-3F6254E0","/buttons; /buttons"
"16","DRUPAL-A11Y-016","DRU-B405CBDA","admin-dark::dark::desktop | admin-dark::dark::mobile | admin::light::desktop | admin::light::mobile | claro-dark::dark::desktop | claro-dark::dark::mobile | claro::light::desktop | claro::light::mobile","serious","2.4.3","A","Focus Order","tabindex","2","0%","no","tabindex: Ensure tabindex attribute values are not greater than 0","#edit-danger--N","unknown","See likely_template above","","","See axe documentation.","","https://dequeuniversity.com/rules/axe/4.11/tabindex?application=playwright","INS-2C9CAF62; INS-C767C3EA","/buttons; /buttons"
"17","DRUPAL-A11Y-017","DRU-BC780FC5","admin-dark::dark::desktop | admin-dark::dark::mobile | admin::light::desktop | admin::light::mobile | claro-dark::dark::desktop | claro-dark::dark::mobile | claro::light::desktop | claro::light::mobile","serious","2.4.3","A","Focus Order","tabindex","2","0%","no","tabindex: Ensure tabindex attribute values are not greater than 0","#edit-cancel--N","unknown","See likely_template above","","","See axe documentation.","","https://dequeuniversity.com/rules/axe/4.11/tabindex?application=playwright","INS-4C49F093; INS-E7E947B6","/buttons; /buttons"
"18","DRUPAL-A11Y-018","DRU-A891EE9E","admin-dark::dark::desktop | admin-dark::dark::mobile | admin::light::desktop | admin::light::mobile | claro-dark::dark::desktop | claro-dark::dark::mobile | claro::light::desktop | claro::light::mobile","serious","1.3.1","A","Info and Relationships","label-title-only","2","0%","no","label-title-only: Ensure that every form element has a visible label and is not solely labeled usi","#edit-checkbox-hidden-label-value","unknown","See likely_template above","","","Replace title-only labels with aria-label or a visible/visually-hidden <label> element.","","https://dequeuniversity.com/rules/axe/4.11/label-title-only?application=playwright","INS-9D772808; INS-2C5FBD36","/contact/checkbox_radio; /contact/checkbox_radio"
"19","DRUPAL-A11Y-019","DRU-25E03AAB","admin-dark::dark::desktop | admin-dark::dark::mobile | admin::light::desktop | admin::light::mobile | claro-dark::dark::desktop | claro-dark::dark::mobile | claro::light::desktop | claro::light::mobile","serious","1.3.1","A","Info and Relationships","label-title-only","2","0%","no","label-title-only: Ensure that every form element has a visible label and is not solely labeled usi","#edit-checkbox-hidden-label-disabled-value","unknown","See likely_template above","","","Replace title-only labels with aria-label or a visible/visually-hidden <label> element.","","https://dequeuniversity.com/rules/axe/4.11/label-title-only?application=playwright","INS-CB68FC02; INS-50910191","/contact/checkbox_radio; /contact/checkbox_radio"
"20","DRUPAL-A11Y-020","DRU-E7766A2A","admin-dark::dark::desktop | admin-dark::dark::mobile | admin::light::desktop | admin::light::mobile","serious","1.3.1","A","Info and Relationships","label-title-only","2","0%","no","""Select all rows"" checkbox is labeled only by its title attribute","#edit-table > thead > tr > .select-all.gin--sticky-bulk-select > .form-checkbox.form-boolean[title=""Select all rows in this table""]","unknown","core/themes/claro/templates/classy/dataset/table.html.twig     core/themes/admin/templates/dataset/table.html.twig","Checkbox has a visible or visually-hidden <label>, or aria-label","input[title=""Select all rows in this table""] — title is the sole label source","Replace the title-only label with aria-label:  <!-- Before (broken) --> <input type=""checkbox"" title=""{{ 'Select all rows in this table'|t }}"">  <!-- After (fixed) --> <input type=""checkbox""   aria-label=""{{ 'Select all rows in this table'|t }}"">","https://www.drupal.org/project/drupal/issues/new","https://dequeuniversity.com/rules/axe/4.11/label-title-only?application=playwright","INS-DA8EC130; INS-15986FAB","/table; /table"
"21","DRUPAL-A11Y-021","DRU-F2674CD0","admin-dark::dark::desktop | admin-dark::dark::mobile | admin::light::desktop | admin::light::mobile","serious","1.3.1","A","Info and Relationships","label-title-only","2","0%","no","""Select all rows"" checkbox is labeled only by its title attribute","#edit-table-empty > thead > tr > .select-all.gin--sticky-bulk-select > .form-checkbox.form-boolean[title=""Select all rows in this table""]","unknown","core/themes/claro/templates/classy/dataset/table.html.twig     core/themes/admin/templates/dataset/table.html.twig","Checkbox has a visible or visually-hidden <label>, or aria-label","input[title=""Select all rows in this table""] — title is the sole label source","Replace the title-only label with aria-label:  <!-- Before (broken) --> <input type=""checkbox"" title=""{{ 'Select all rows in this table'|t }}"">  <!-- After (fixed) --> <input type=""checkbox""   aria-label=""{{ 'Select all rows in this table'|t }}"">","https://www.drupal.org/project/drupal/issues/new","https://dequeuniversity.com/rules/axe/4.11/label-title-only?application=playwright","INS-24B11422; INS-96198CAB","/table; /table"
"22","DRUPAL-A11Y-022","DRU-697B741E","admin-dark::dark::desktop | admin-dark::dark::mobile | admin::light::desktop | admin::light::mobile","serious","2.5.8","AA","Target Size (Minimum)","target-size","2","0%","no","target-size: Ensure touch targets have sufficient size and space","tr[data-drupal-selector=""edit-terms-tid10""] > .tabledrag-cell > .tabledrag-cell-content.js-tabledrag-cell-content > .tabledrag-cell-content__item > .tabledrag-handle[href=""#""][title=""Move in any direction""]","unknown","See likely_template above","","","Ensure interactive elements have a minimum 24×24px clickable area via padding or min-height/min-width in CSS.","","https://dequeuniversity.com/rules/axe/4.11/target-size?application=playwright","INS-1E6C57C0; INS-836FD897","/tabledrag; /tabledrag"
"23","DRUPAL-A11Y-023","DRU-0C411B6A","admin-dark::dark::desktop | admin-dark::dark::mobile | admin::light::desktop | admin::light::mobile","serious","2.5.8","AA","Target Size (Minimum)","target-size","2","0%","no","target-size: Ensure touch targets have sufficient size and space","#edit-terms-tid10-term","unknown","See likely_template above","","","Ensure interactive elements have a minimum 24×24px clickable area via padding or min-height/min-width in CSS.","","https://dequeuniversity.com/rules/axe/4.11/target-size?application=playwright","INS-77F43484; INS-F23B5BB2","/tabledrag; /tabledrag"
"24","DRUPAL-A11Y-024","DRU-E9627991","admin-dark::dark::desktop | admin-dark::dark::mobile | admin::light::desktop | admin::light::mobile","serious","2.5.8","AA","Target Size (Minimum)","target-size","2","0%","no","target-size: Ensure touch targets have sufficient size and space","tr[data-drupal-selector=""edit-terms-tid20""] > .tabledrag-cell > .tabledrag-cell-content.js-tabledrag-cell-content > .tabledrag-cell-content__item > .tabledrag-handle[href=""#""][title=""Move in any direction""]","unknown","See likely_template above","","","Ensure interactive elements have a minimum 24×24px clickable area via padding or min-height/min-width in CSS.","","https://dequeuniversity.com/rules/axe/4.11/target-size?application=playwright","INS-12A6655F; INS-E3691E26","/tabledrag; /tabledrag"
"25","DRUPAL-A11Y-025","DRU-B20BCC83","admin-dark::dark::desktop | admin-dark::dark::mobile | admin::light::desktop | admin::light::mobile","serious","2.5.8","AA","Target Size (Minimum)","target-size","2","0%","no","target-size: Ensure touch targets have sufficient size and space","#edit-terms-tid20-term","unknown","See likely_template above","","","Ensure interactive elements have a minimum 24×24px clickable area via padding or min-height/min-width in CSS.","","https://dequeuniversity.com/rules/axe/4.11/target-size?application=playwright","INS-463A943E; INS-E3E3F502","/tabledrag; /tabledrag"
"26","DRUPAL-A11Y-026","DRU-3A7586F8","admin-dark::dark::desktop | admin-dark::dark::mobile | admin::light::desktop | admin::light::mobile","serious","2.5.8","AA","Target Size (Minimum)","target-size","2","0%","no","target-size: Ensure touch targets have sufficient size and space","tr[data-drupal-selector=""edit-terms-tid30""] > .tabledrag-cell > .tabledrag-cell-content.js-tabledrag-cell-content > .tabledrag-cell-content__item > .tabledrag-handle[href=""#""][title=""Move in any direction""]","unknown","See likely_template above","","","Ensure interactive elements have a minimum 24×24px clickable area via padding or min-height/min-width in CSS.","","https://dequeuniversity.com/rules/axe/4.11/target-size?application=playwright","INS-1EE2D602; INS-47D713EE","/tabledrag; /tabledrag"
"27","DRUPAL-A11Y-027","DRU-ADE99258","admin-dark::dark::desktop | admin-dark::dark::mobile | admin::light::desktop | admin::light::mobile","serious","2.5.8","AA","Target Size (Minimum)","target-size","2","0%","no","target-size: Ensure touch targets have sufficient size and space","tr[data-drupal-selector=""edit-terms-tid40""] > .tabledrag-cell > .tabledrag-cell-content.js-tabledrag-cell-content > .tabledrag-cell-content__item > .tabledrag-handle[href=""#""][title=""Move in any direction""]","unknown","See likely_template above","","","Ensure interactive elements have a minimum 24×24px clickable area via padding or min-height/min-width in CSS.","","https://dequeuniversity.com/rules/axe/4.11/target-size?application=playwright","INS-BAA09E91; INS-6914A3F2","/tabledrag; /tabledrag"
"28","DRUPAL-A11Y-028","DRU-5FAA8485","admin-dark::dark::desktop | admin-dark::dark::mobile | admin::light::desktop | admin::light::mobile","serious","2.5.8","AA","Target Size (Minimum)","target-size","2","0%","no","target-size: Ensure touch targets have sufficient size and space","tr[data-drupal-selector=""edit-terms-tid50""] > .tabledrag-cell > .tabledrag-cell-content.js-tabledrag-cell-content > .tabledrag-cell-content__item > .tabledrag-handle[href=""#""][title=""Move in any direction""]","unknown","See likely_template above","","","Ensure interactive elements have a minimum 24×24px clickable area via padding or min-height/min-width in CSS.","","https://dequeuniversity.com/rules/axe/4.11/target-size?application=playwright","INS-19D9E650; INS-F1BA6329","/tabledrag; /tabledrag"
"29","DRUPAL-A11Y-029","DRU-4534282A","admin-dark::dark::desktop | admin-dark::dark::mobile | admin::light::desktop | admin::light::mobile","serious","2.5.8","AA","Target Size (Minimum)","target-size","2","0%","no","target-size: Ensure touch targets have sufficient size and space","#edit-terms-tid50-term","unknown","See likely_template above","","","Ensure interactive elements have a minimum 24×24px clickable area via padding or min-height/min-width in CSS.","","https://dequeuniversity.com/rules/axe/4.11/target-size?application=playwright","INS-2F30409D; INS-7153533A","/tabledrag; /tabledrag"
"30","DRUPAL-A11Y-030","DRU-A012DB4A","admin-dark::dark::desktop | admin-dark::dark::mobile | admin::light::desktop | admin::light::mobile","serious","2.5.8","AA","Target Size (Minimum)","target-size","2","0%","no","target-size: Ensure touch targets have sufficient size and space","tr[data-drupal-selector=""edit-terms-tid60""] > .tabledrag-cell > .tabledrag-cell-content.js-tabledrag-cell-content > .tabledrag-cell-content__item > .tabledrag-handle[href=""#""][title=""Move in any direction""]","unknown","See likely_template above","","","Ensure interactive elements have a minimum 24×24px clickable area via padding or min-height/min-width in CSS.","","https://dequeuniversity.com/rules/axe/4.11/target-size?application=playwright","INS-11612407; INS-6F0C9429","/tabledrag; /tabledrag"
"31","DRUPAL-A11Y-031","DRU-9385D9F3","admin-dark::dark::desktop | admin-dark::dark::mobile | admin::light::desktop | admin::light::mobile","serious","2.5.8","AA","Target Size (Minimum)","target-size","2","0%","no","target-size: Ensure touch targets have sufficient size and space","#edit-terms-tid60-term","unknown","See likely_template above","","","Ensure interactive elements have a minimum 24×24px clickable area via padding or min-height/min-width in CSS.","","https://dequeuniversity.com/rules/axe/4.11/target-size?application=playwright","INS-8C98F215; INS-7E72035D","/tabledrag; /tabledrag"
"32","DRUPAL-A11Y-032","DRU-8C1FB0A9","admin-dark::dark::desktop | admin-dark::dark::mobile | admin::light::desktop | admin::light::mobile","serious","2.5.8","AA","Target Size (Minimum)","target-size","2","0%","no","target-size: Ensure touch targets have sufficient size and space","tr[data-drupal-selector=""edit-terms-tid70""] > .tabledrag-cell > .tabledrag-cell-content.js-tabledrag-cell-content > .tabledrag-cell-content__item > .tabledrag-handle[href=""#""][title=""Move in any direction""]","unknown","See likely_template above","","","Ensure interactive elements have a minimum 24×24px clickable area via padding or min-height/min-width in CSS.","","https://dequeuniversity.com/rules/axe/4.11/target-size?application=playwright","INS-67F50851; INS-C064D2AC","/tabledrag; /tabledrag"
"33","DRUPAL-A11Y-033","DRU-D3CA978F","admin-dark::dark::desktop | admin-dark::dark::mobile | admin::light::desktop | admin::light::mobile","serious","2.5.8","AA","Target Size (Minimum)","target-size","2","0%","no","target-size: Ensure touch targets have sufficient size and space","tr[data-drupal-selector=""edit-terms-tid80""] > .tabledrag-cell > .tabledrag-cell-content.js-tabledrag-cell-content > .tabledrag-cell-content__item > .tabledrag-handle[href=""#""][title=""Move in any direction""]","unknown","See likely_template above","","","Ensure interactive elements have a minimum 24×24px clickable area via padding or min-height/min-width in CSS.","","https://dequeuniversity.com/rules/axe/4.11/target-size?application=playwright","INS-37ED96AD; INS-D10E50E9","/tabledrag; /tabledrag"
"34","DRUPAL-A11Y-034","DRU-89CB7A8B","admin-dark::dark::desktop | admin-dark::dark::mobile | admin::light::desktop | admin::light::mobile","serious","2.5.8","AA","Target Size (Minimum)","target-size","2","0%","no","target-size: Ensure touch targets have sufficient size and space","tr[data-drupal-selector=""edit-terms-tid100""] > .tabledrag-cell > .tabledrag-cell-content.js-tabledrag-cell-content > .tabledrag-cell-content__item > .tabledrag-handle[href=""#""][title=""Move in any direction""]","unknown","See likely_template above","","","Ensure interactive elements have a minimum 24×24px clickable area via padding or min-height/min-width in CSS.","","https://dequeuniversity.com/rules/axe/4.11/target-size?application=playwright","INS-530D0F3C; INS-C4CDCD8A","/tabledrag; /tabledrag"
"35","DRUPAL-A11Y-035","DRU-709AA34F","admin-dark::dark::desktop | admin-dark::dark::mobile | admin::light::desktop | admin::light::mobile","serious","2.5.8","AA","Target Size (Minimum)","target-size","2","0%","no","target-size: Ensure touch targets have sufficient size and space","#edit-terms-tid100-term","unknown","See likely_template above","","","Ensure interactive elements have a minimum 24×24px clickable area via padding or min-height/min-width in CSS.","","https://dequeuniversity.com/rules/axe/4.11/target-size?application=playwright","INS-1DD3D540; INS-8547CE7B","/tabledrag; /tabledrag"
"36","DRUPAL-A11Y-036","DRU-E828092B","claro-dark::dark::desktop | claro-dark::dark::mobile | claro::light::desktop | claro::light::mobile","serious","1.4.3","AA","Contrast (Minimum)","color-contrast","2","0%","no","color-contrast: Ensure the contrast between foreground and background colors meets WCAG 2 AA min","tr[data-drupal-selector=""edit-blocks-claro-help""] > td:nth-child(5) > .dropbutton-wrapper.dropbutton-multiple[data-drupal-ajax-container=""""] > .dropbutton-widget > .dropbutton.dropbutton--extrasmall.dropbutton--multiple > .enable.dropbutton__item.dropbutton-action > a","(theme-specific template)","See likely_template above","","","Check foreground/background color combinations. Ensure ratio ≥ 4.5:1 for normal text, ≥ 3:1 for large text (18pt or 14pt bold). Update the relevant CSS file.","","https://dequeuniversity.com/rules/axe/4.11/color-contrast?application=playwright","INS-BE832DAC; INS-32A7C8C3","/admin/structure/block; /admin/structure/block"
"37","DRUPAL-A11Y-037","DRU-827BB73C","claro-dark::dark::desktop | claro-dark::dark::mobile | claro::light::desktop | claro::light::mobile","serious","1.4.3","AA","Contrast (Minimum)","color-contrast","2","0%","no","color-contrast: Ensure the contrast between foreground and background colors meets WCAG 2 AA min",".block-disabled.draggable[data-once=""claroTabledrag""]:nth-child(23) > td:nth-child(5) > .dropbutton-wrapper.dropbutton-multiple[data-drupal-ajax-container=""""] > .dropbutton-widget > .dropbutton.dropbutton--extrasmall.dropbutton--multiple > .enable.dropbutton__item.dropbutton-action > a","block.html.twig","See likely_template above","","","Check foreground/background color combinations. Ensure ratio ≥ 4.5:1 for normal text, ≥ 3:1 for large text (18pt or 14pt bold). Update the relevant CSS file.","","https://dequeuniversity.com/rules/axe/4.11/color-contrast?application=playwright","INS-CC4E5B84; INS-4F001513","/admin/structure/block; /admin/structure/block"
"38","DRUPAL-A11Y-038","DRU-FAE67242","claro-dark::dark::desktop | claro-dark::dark::mobile | claro::light::desktop | claro::light::mobile","serious","1.4.3","AA","Contrast (Minimum)","color-contrast","2","0%","no","""No blocks in this region"" placeholder text fails contrast (2.84:1, needs 4.5:1)",".region-hidden-message > td[colspan=""9""]","region.html.twig","core/themes/claro/css/theme/block-admin.css (or its .pcss.css source)","Foreground color #767676 or darker on white (#ffffff) background → 4.54:1","color: #999999 on #ffffff → contrast ratio 2.84:1","In Claro's block-admin CSS, darken the placeholder text:  /* Before (broken) */ .block-region .region-message em {   color: #999999; }  /* After (fixed) */ .block-region .region-message em {   color: #767676; /* 4.54:1 on white */ }","https://www.drupal.org/project/drupal/issues/3318394","https://dequeuniversity.com/rules/axe/4.11/color-contrast?application=playwright","INS-57557F7B; INS-1E91D181","/admin/structure/types/manage/test_type/display/default; /admin/structure/types/manage/test_type/display/default"
"39","DRUPAL-A11Y-039","DRU-2F451A16","admin-dark::dark::mobile | admin::light::mobile","serious","1.4.3","AA","Contrast (Minimum)","color-contrast","1","0%","no","color-contrast: Ensure the contrast between foreground and background colors meets WCAG 2 AA min","summary[aria-controls=""edit-submission""] > .gin-details__summary-summary","unknown","See likely_template above","","","Check foreground/background color combinations. Ensure ratio ≥ 4.5:1 for normal text, ≥ 3:1 for large text (18pt or 14pt bold). Update the relevant CSS file.","","https://dequeuniversity.com/rules/axe/4.11/color-contrast?application=playwright","INS-E4C3D7C6","/admin/structure/types/add"
"40","DRUPAL-A11Y-040","DRU-16707B29","admin-dark::dark::mobile | admin::light::mobile","serious","1.4.3","AA","Contrast (Minimum)","color-contrast","1","0%","no","color-contrast: Ensure the contrast between foreground and background colors meets WCAG 2 AA min","summary[aria-controls=""edit-workflow""] > .gin-details__summary-summary","unknown","See likely_template above","","","Check foreground/background color combinations. Ensure ratio ≥ 4.5:1 for normal text, ≥ 3:1 for large text (18pt or 14pt bold). Update the relevant CSS file.","","https://dequeuniversity.com/rules/axe/4.11/color-contrast?application=playwright","INS-C6066AD3","/admin/structure/types/add"
"41","DRUPAL-A11Y-041","DRU-E3CD7CA2","admin-dark::dark::mobile | admin::light::mobile","serious","1.4.3","AA","Contrast (Minimum)","color-contrast","1","0%","no","color-contrast: Ensure the contrast between foreground and background colors meets WCAG 2 AA min","summary[aria-controls=""edit-language""] > .gin-details__summary-summary","unknown","See likely_template above","","","Check foreground/background color combinations. Ensure ratio ≥ 4.5:1 for normal text, ≥ 3:1 for large text (18pt or 14pt bold). Update the relevant CSS file.","","https://dequeuniversity.com/rules/axe/4.11/color-contrast?application=playwright","INS-B74E58E8","/admin/structure/types/add"
"42","DRUPAL-A11Y-042","DRU-B191C7D6","admin-dark::dark::mobile | admin::light::mobile","serious","1.4.3","AA","Contrast (Minimum)","color-contrast","1","0%","no","color-contrast: Ensure the contrast between foreground and background colors meets WCAG 2 AA min","summary[aria-controls=""edit-display""] > .gin-details__summary-summary","unknown","See likely_template above","","","Check foreground/background color combinations. Ensure ratio ≥ 4.5:1 for normal text, ≥ 3:1 for large text (18pt or 14pt bold). Update the relevant CSS file.","","https://dequeuniversity.com/rules/axe/4.11/color-contrast?application=playwright","INS-1763A2E3","/admin/structure/types/add"
"43","DRUPAL-A11Y-043","DRU-9DDFCBA6","admin-dark::dark::desktop | admin::light::desktop","serious","2.5.8","AA","Target Size (Minimum)","target-size","1","0%","no","target-size: Ensure touch targets have sufficient size and space","#edit-terms-tid30-term","unknown","See likely_template above","","","Ensure interactive elements have a minimum 24×24px clickable area via padding or min-height/min-width in CSS.","","https://dequeuniversity.com/rules/axe/4.11/target-size?application=playwright","INS-0B05280A","/tabledrag"
"44","DRUPAL-A11Y-044","DRU-283274E5","admin-dark::dark::desktop | admin::light::desktop","serious","2.5.8","AA","Target Size (Minimum)","target-size","1","0%","no","target-size: Ensure touch targets have sufficient size and space","#edit-terms-tid40-term","unknown","See likely_template above","","","Ensure interactive elements have a minimum 24×24px clickable area via padding or min-height/min-width in CSS.","","https://dequeuniversity.com/rules/axe/4.11/target-size?application=playwright","INS-39EDEAD3","/tabledrag"
"45","DRUPAL-A11Y-045","DRU-7BEA621F","admin-dark::dark::desktop | admin::light::desktop","serious","2.5.8","AA","Target Size (Minimum)","target-size","1","0%","no","target-size: Ensure touch targets have sufficient size and space","#edit-terms-tid70-term","unknown","See likely_template above","","","Ensure interactive elements have a minimum 24×24px clickable area via padding or min-height/min-width in CSS.","","https://dequeuniversity.com/rules/axe/4.11/target-size?application=playwright","INS-56862D54","/tabledrag"
"46","DRUPAL-A11Y-046","DRU-ABCDDE7C","admin-dark::dark::desktop | admin::light::desktop","serious","2.5.8","AA","Target Size (Minimum)","target-size","1","0%","no","target-size: Ensure touch targets have sufficient size and space","#edit-terms-tid80-term","unknown","See likely_template above","","","Ensure interactive elements have a minimum 24×24px clickable area via padding or min-height/min-width in CSS.","","https://dequeuniversity.com/rules/axe/4.11/target-size?application=playwright","INS-CD33C4CE","/tabledrag"
"47","DRUPAL-A11Y-047","DRU-43442A3C","admin-dark::dark::desktop | admin::light::desktop","serious","2.5.8","AA","Target Size (Minimum)","target-size","1","0%","no","target-size: Ensure touch targets have sufficient size and space","tr[data-drupal-selector=""edit-terms-tid90""] > .tabledrag-cell > .tabledrag-cell-content.js-tabledrag-cell-content > .tabledrag-cell-content__item > .tabledrag-handle[href=""#""][title=""Move in any direction""]","unknown","See likely_template above","","","Ensure interactive elements have a minimum 24×24px clickable area via padding or min-height/min-width in CSS.","","https://dequeuniversity.com/rules/axe/4.11/target-size?application=playwright","INS-890AAC59","/tabledrag"
"48","DRUPAL-A11Y-048","DRU-4E740625","admin-dark::dark::desktop | admin::light::desktop","serious","2.5.8","AA","Target Size (Minimum)","target-size","1","0%","no","target-size: Ensure touch targets have sufficient size and space","#edit-terms-tid90-term","unknown","See likely_template above","","","Ensure interactive elements have a minimum 24×24px clickable area via padding or min-height/min-width in CSS.","","https://dequeuniversity.com/rules/axe/4.11/target-size?application=playwright","INS-7A5AFBEF","/tabledrag"
"49","DRUPAL-A11Y-049","DRU-F18CDC60","admin-dark::dark::desktop | admin::light::desktop","serious","2.5.8","AA","Target Size (Minimum)","target-size","1","0%","no","target-size: Ensure touch targets have sufficient size and space","tr[data-drupal-selector=""edit-terms-tid110""] > .tabledrag-cell > .tabledrag-cell-content.js-tabledrag-cell-content > .tabledrag-cell-content__item > .tabledrag-handle[href=""#""][title=""Move in any direction""]","unknown","See likely_template above","","","Ensure interactive elements have a minimum 24×24px clickable area via padding or min-height/min-width in CSS.","","https://dequeuniversity.com/rules/axe/4.11/target-size?application=playwright","INS-A5C53B8A","/tabledrag"
"50","DRUPAL-A11Y-050","DRU-A01A5E0A","admin-dark::dark::desktop | admin::light::desktop","serious","2.5.8","AA","Target Size (Minimum)","target-size","1","0%","no","target-size: Ensure touch targets have sufficient size and space","#edit-terms-tid110-term","unknown","See likely_template above","","","Ensure interactive elements have a minimum 24×24px clickable area via padding or min-height/min-width in CSS.","","https://dequeuniversity.com/rules/axe/4.11/target-size?application=playwright","INS-28730DEB","/tabledrag"
"51","DRUPAL-A11Y-051","DRU-9E104230","admin-dark::dark::desktop | admin::light::desktop","serious","2.5.8","AA","Target Size (Minimum)","target-size","1","0%","no","target-size: Ensure touch targets have sufficient size and space","a[hreflang=""en""]","unknown","See likely_template above","","","Ensure interactive elements have a minimum 24×24px clickable area via padding or min-height/min-width in CSS.","","https://dequeuniversity.com/rules/axe/4.11/target-size?application=playwright","INS-7E5CF8DC","/tabs"
"52","DRUPAL-A11Y-052","DRU-78DEFAE7","admin-dark::dark::desktop | admin::light::desktop","serious","2.5.8","AA","Target Size (Minimum)","target-size","1","0%","no","target-size: Ensure touch targets have sufficient size and space","a[hreflang=""he""]","unknown","See likely_template above","","","Ensure interactive elements have a minimum 24×24px clickable area via padding or min-height/min-width in CSS.","","https://dequeuniversity.com/rules/axe/4.11/target-size?application=playwright","INS-92A5E39D","/tabs"
"53","DRUPAL-A11Y-053","DRU-6BA9E02D","admin-dark::dark::desktop | admin-dark::dark::mobile | admin::light::desktop | admin::light::mobile | claro-dark::dark::desktop | claro-dark::dark::mobile | claro::light::desktop | claro::light::mobile | olivero-dark::dark::desktop | olivero-dark::dark::mobile | olivero::light::desktop | olivero::light::mobile","moderate","1.3.6","A","Identify Purpose","region","106","23%","YES","region: Ensure all page content is contained by landmarks",".themeswitcher-form__form-item","form-element.html.twig","See likely_template above","","","Ensure all visible content is inside a landmark element (<main>, <nav>, <aside>, <header>, <footer>). Check page.html.twig and block placement.","","https://dequeuniversity.com/rules/axe/4.11/region?application=playwright","INS-D8DE6AC1; INS-F0C4F2C1; INS-83E2F270; INS-A3BAFC54; INS-565D5E04; INS-E66D392C; INS-34D3B6E6; INS-3AE334AB; INS-D89718F7; INS-C8AC947D; INS-089837C7; INS-AD065F7B; INS-1F0E5C7A; INS-0420759A; INS-FBDFDDE1; INS-F6222FEA; INS-51A7195E; INS-866D8A1F; INS-26112C87; INS-37EFF8DC; INS-001C27FA; INS-38000B83; INS-C74D84C8; INS-FF2DB6B1; INS-EB461FD0; INS-DEB0E01D; INS-203E1CD2; INS-FA09BF07; INS-29F69647; INS-10C86D7E; INS-E427825B; INS-6F951C47; INS-22C5B103; INS-88F5EE60; INS-2AE13BCB; INS-3AE351E7; INS-C15EEB54; INS-BCB4F132; INS-760F267C; INS-2E5FC9E0; INS-814B6CFE; INS-5882C95B; INS-FA2A20D1; INS-E20671AE; INS-924D863B; INS-B73E1074; INS-D059761D; INS-077300B7; INS-6671D464; INS-EE92CDEF; INS-26CD137D; INS-494B15C6; INS-206E1DCE; INS-CCBE2A0F; INS-18ECCC55; INS-B8AF800F; INS-115ABFF8; INS-BAEE3A35; INS-B5A36498; INS-C4CE338B; INS-F8D1D7E6; INS-F5AEF57A; INS-38B49EEF; INS-0769D6CD; INS-62B880CE; INS-71DFB250; INS-CE3E0BFE; INS-613A665F; INS-C0A71F89; INS-DF4DA25A; INS-CF919880; INS-17F11137; INS-F7B8F881; INS-76E12963; INS-3B1ECF24; INS-762B0C83; INS-548386BA; INS-922195A3; INS-7CFE618D; INS-E6B1F764; INS-30B71F0D; INS-57B6553C; INS-E4AA2E02; INS-DF13AB5A; INS-0D3ED81E; INS-F83D856B; INS-868C8A7E; INS-3D2920D2; INS-81C44978; INS-270738CF; INS-9118E488; INS-2E5F28D5; INS-BB8DE047; INS-DC077153; INS-343FB881; INS-6788C962; INS-0EF67DB9; INS-74810756; INS-63D59683; INS-20AC4120; INS-F21125DF; INS-636E78C8; INS-44C022F1; INS-B724274A; INS-0C9A0403; INS-9BDAC1ED","/admin; /admin; /admin/form_style; /admin/form_style; /admin/content; /admin/content; /node/add/article; /node/add/article; /node/add/page; /node/add/page; /admin/structure; /admin/structure; /admin/structure/types; /admin/structure/types; /admin/structure/types/add; /admin/structure/types/add; /admin/structure/taxonomy; /admin/structure/taxonomy; /admin/structure/taxonomy/add; /admin/structure/taxonomy/add; /admin/structure/block; /admin/structure/block; /admin/appearance; /admin/appearance; /admin/modules; /admin/modules; /admin/people; /admin/people; /user/1/edit; /user/1/edit; /admin/config; /admin/config; /admin/config/content/formats; /admin/config/content/formats; /admin/config/content/formats/manage/restricted_html; /admin/config/content/formats/manage/restricted_html; /admin/config/system/site-information; /admin/config/system/site-information; /admin/reports; /admin/reports; /autocomplete; /autocomplete; /buttons; /buttons; /contact/checkbox_radio; /contact/checkbox_radio; /dialog; /dialog; /dropbutton; /dropbutton; /contact/field_cardinality_test; /contact/field_cardinality_test; /admin/structure/types/manage/test_type/display/default; /admin/structure/types/manage/test_type/display/default; /fieldset; /fieldset; /contact/imagefile_file; /contact/imagefile_file; /contact/presuf_formatted; /contact/presuf_formatted; /contact/imagefile_image; /contact/imagefile_image; /admin/structure/display-modes/form/add/contact_message; /admin/structure/display-modes/form/add/contact_message; /message; /message; /cd-navigation/config; /cd-navigation/config; /contact/presuf_number; /contact/presuf_number; /tabs/format/plain_text; /tabs/format/plain_text; /password; /password; /progress; /progress; /contact/select; /contact/select; /node/add/cd; /node/add/cd; /table; /table; /tabledrag; /tabledrag; /tabs; /tabs; /contact/textform; /contact/textform; /contact/presuf_text; /contact/presuf_text; /contact/textarea; /contact/textarea; /; /; /action-link; /action-link; /user/login; /user/login; /user/register; /user/register; /user/password; /user/password; /search/node; /search/node; /this-page-does-not-exist; /this-page-does-not-exist"
"54","DRUPAL-A11Y-054","DRU-A46B8394","admin-dark::dark::desktop | admin-dark::dark::mobile | admin::light::desktop | admin::light::mobile | olivero-dark::dark::desktop | olivero-dark::dark::mobile | olivero::light::desktop | olivero::light::mobile","moderate","1.3.6","A","Identify Purpose","region","52","12%","YES","Local task tab headings (#primary-tabs-title) are outside any landmark region","#primary-tabs-title","unknown","core/themes/claro/templates/menu-local-tasks.html.twig     core/themes/olivero/templates/navigation/menu-local-tasks.html.twig","The <h2> heading is inside the <nav> it labels, or the <nav> itself is inside a landmark","<h2 id=""primary-tabs-title""> is a sibling of <nav>, and the nav may be outside main/aside/etc.","Move the heading inside the <nav> it labels:  {# Before #} <h2 id=""primary-tabs-title"" class=""visually-hidden"">{{ 'Primary tabs'|t }}</h2> <nav class=""tabs-wrapper"" aria-labelledby=""primary-tabs-title"">…</nav>  {# After — h2 moves inside nav #} <nav class=""tabs-wrapper"" aria-labelledby=""primary-tabs-title"">   <h2 id=""primary-tabs-title"" class=""visually-hidden"">{{ 'Primary tabs'|t }}</h2>   … </nav>","https://www.drupal.org/project/drupal/issues/3318396","https://dequeuniversity.com/rules/axe/4.11/region?application=playwright","INS-ED5789D1; INS-CA3F486A; INS-6261BD8B; INS-AD498A59; INS-7BFD0B73; INS-6F860D5F; INS-66F0411F; INS-95DE8A2C; INS-5D29050A; INS-3E19E7EC; INS-53475AE4; INS-AEBAFC08; INS-B755019F; INS-9E2B5CF0; INS-59226044; INS-6F730C20; INS-BCA850CD; INS-E0049478; INS-704C3FBE; INS-FEB48EDD; INS-09A4B9FB; INS-32D20F60; INS-F85213DF; INS-FB25E7CB; INS-5663A0FA; INS-F1044BC7; INS-7CDF9E9F; INS-C1F48F13; INS-52BF86F6; INS-1F64C2B0; INS-2035201D; INS-4C77D31E; INS-8B47FF01; INS-54DEB294; INS-CD789B90; INS-4A732CB0; INS-99938DDE; INS-7A2B9144; INS-2DDBCF6D; INS-F88F3595; INS-3643D117; INS-CED52503; INS-FFA0B56A; INS-4C03CFAA; INS-E0F07AC5; INS-268F906D; INS-1836B535; INS-10BB8E04; INS-BC3B17C9; INS-4AA1B1B9; INS-94EA0EA1; INS-806AF88F","/admin; /admin; /admin/content; /admin/content; /admin/structure/types; /admin/structure/types; /admin/appearance; /admin/appearance; /admin/modules; /admin/modules; /admin/people; /admin/people; /buttons; /buttons; /contact/checkbox_radio; /contact/checkbox_radio; /dropbutton; /dropbutton; /contact/field_cardinality_test; /contact/field_cardinality_test; /admin/structure/types/manage/test_type/display/default; /admin/structure/types/manage/test_type/display/default; /contact/imagefile_file; /contact/imagefile_file; /contact/presuf_formatted; /contact/presuf_formatted; /contact/imagefile_image; /contact/imagefile_image; /message; /message; /contact/presuf_number; /contact/presuf_number; /tabs/format/plain_text; /tabs/format/plain_text; /progress; /progress; /contact/select; /contact/select; /tabledrag; /tabledrag; /tabs; /tabs; /contact/textform; /contact/textform; /contact/presuf_text; /contact/presuf_text; /contact/textarea; /contact/textarea; /user/login; /user/login; /user/password; /user/password"
"55","DRUPAL-A11Y-055","DRU-1F88078D","admin-dark::dark::desktop | admin-dark::dark::mobile | admin::light::desktop | admin::light::mobile","moderate","1.3.6","A","Identify Purpose","region","10","2%","YES","region: Ensure all page content is contained by landmarks",".top-bar__actions","unknown","See likely_template above","","","Ensure all visible content is inside a landmark element (<main>, <nav>, <aside>, <header>, <footer>). Check page.html.twig and block placement.","","https://dequeuniversity.com/rules/axe/4.11/region?application=playwright","INS-164962E7; INS-4D0090DA; INS-F517503C; INS-CFCBB8DB; INS-08C28518; INS-A833DA67; INS-FCCC084E; INS-A8DE8EF1; INS-050A0C81; INS-7AC7F7D6","/admin/content; /admin/content; /admin/structure/types; /admin/structure/types; /admin/structure/taxonomy; /admin/structure/taxonomy; /admin/people; /admin/people; /admin/config/content/formats; /admin/config/content/formats"
"56","DRUPAL-A11Y-056","DRU-D84D92BC","admin-dark::dark::desktop | admin-dark::dark::mobile | admin::light::desktop | admin::light::mobile | claro-dark::dark::desktop | claro-dark::dark::mobile | claro::light::desktop | claro::light::mobile","moderate","1.3.6","A","Identify Purpose","landmark-contentinfo-is-top-level","8","2%","YES","landmark-contentinfo-is-top-level: Ensure the contentinfo landmark is at top level",".messages-list__item","unknown","See likely_template above","","","See axe documentation.","","https://dequeuniversity.com/rules/axe/4.11/landmark-contentinfo-is-top-level?application=playwright","INS-B247AB90; INS-E34D0EA9; INS-87AAED0E; INS-2591C21F; INS-73E2EA66; INS-216CF774; INS-EBE0F49A; INS-FF71DDFC","/admin/appearance; /admin/appearance; /admin/modules; /admin/modules; /admin/people; /admin/people; /admin/config; /admin/config"
"57","DRUPAL-A11Y-057","DRU-6101E498","admin-dark::dark::desktop | admin-dark::dark::mobile | admin::light::desktop | admin::light::mobile","moderate","1.3.6","A","Identify Purpose","region","6","1%","YES","Local task tab headings (#primary-tabs-title) are outside any landmark region","#secondary-tabs-title","unknown","core/themes/claro/templates/menu-local-tasks.html.twig     core/themes/olivero/templates/navigation/menu-local-tasks.html.twig","The <h2> heading is inside the <nav> it labels, or the <nav> itself is inside a landmark","<h2 id=""primary-tabs-title""> is a sibling of <nav>, and the nav may be outside main/aside/etc.","Move the heading inside the <nav> it labels:  {# Before #} <h2 id=""primary-tabs-title"" class=""visually-hidden"">{{ 'Primary tabs'|t }}</h2> <nav class=""tabs-wrapper"" aria-labelledby=""primary-tabs-title"">…</nav>  {# After — h2 moves inside nav #} <nav class=""tabs-wrapper"" aria-labelledby=""primary-tabs-title"">   <h2 id=""primary-tabs-title"" class=""visually-hidden"">{{ 'Primary tabs'|t }}</h2>   … </nav>","https://www.drupal.org/project/drupal/issues/3318396","https://dequeuniversity.com/rules/axe/4.11/region?application=playwright","INS-F6796033; INS-8E336E32; INS-D1878989; INS-F8C6C7E7; INS-ED973753; INS-5FED7CB6","/admin/structure/block; /admin/structure/block; /admin/structure/types/manage/test_type/display/default; /admin/structure/types/manage/test_type/display/default; /tabs; /tabs"
"58","DRUPAL-A11Y-058","DRU-20662ED4","admin-dark::dark::desktop | admin-dark::dark::mobile | admin::light::desktop | admin::light::mobile","moderate","1.3.1","A","Info and Relationships","heading-order","2","0%","no","heading-order: Ensure the order of headings is semantically correct","div[data-drupal-selector=""edit-test-datelist""] > h4","unknown","See likely_template above","","","Heading levels must not skip. Audit the page heading hierarchy and adjust template markup.","","https://dequeuniversity.com/rules/axe/4.11/heading-order?application=playwright","INS-F67227FA; INS-A876FF70","/admin/form_style; /admin/form_style"
"59","DRUPAL-A11Y-059","DRU-48A2246C","admin-dark::dark::desktop | admin-dark::dark::mobile | admin::light::desktop | admin::light::mobile | claro-dark::dark::desktop | claro-dark::dark::mobile | claro::light::desktop | claro::light::mobile","moderate","1.3.1","A","Info and Relationships","heading-order","2","0%","no","heading-order: Ensure the order of headings is semantically correct","#pagination-heading","unknown","See likely_template above","","","Heading levels must not skip. Audit the page heading hierarchy and adjust template markup.","","https://dequeuniversity.com/rules/axe/4.11/heading-order?application=playwright","INS-FD2C0F28; INS-622EF2AF","/admin/content; /admin/content"
"60","DRUPAL-A11Y-060","DRU-BA421305","admin-dark::dark::desktop | admin-dark::dark::mobile | admin::light::desktop | admin::light::mobile","moderate","1.3.6","A","Identify Purpose","region","2","0%","no","region: Ensure all page content is contained by landmarks",".toolbar-title__label","toolbar (admin theme)","See likely_template above","","","Ensure all visible content is inside a landmark element (<main>, <nav>, <aside>, <header>, <footer>). Check page.html.twig and block placement.","","https://dequeuniversity.com/rules/axe/4.11/region?application=playwright","INS-59016654; INS-C1FF9EB1","/user/1/edit; /user/1/edit"
"61","DRUPAL-A11Y-061","DRU-594FE0AD","admin-dark::dark::desktop | admin-dark::dark::mobile | admin::light::desktop | admin::light::mobile | claro-dark::dark::desktop | claro-dark::dark::mobile | claro::light::desktop | claro::light::mobile","moderate","1.3.1","A","Info and Relationships","heading-order","2","0%","no","heading-order: Ensure the order of headings is semantically correct","h4","unknown","See likely_template above","","","Heading levels must not skip. Audit the page heading hierarchy and adjust template markup.","","https://dequeuniversity.com/rules/axe/4.11/heading-order?application=playwright","INS-6C963C7F; INS-B0239B5D","/autocomplete; /autocomplete"
"62","DRUPAL-A11Y-062","DRU-F86FD897","admin-dark::dark::desktop | admin-dark::dark::mobile | admin::light::desktop | admin::light::mobile | claro-dark::dark::desktop | claro-dark::dark::mobile | claro::light::desktop | claro::light::mobile","moderate","1.3.1","A","Info and Relationships","heading-order","2","0%","no","heading-order: Ensure the order of headings is semantically correct","#multitext-unlimited-values > thead > tr > .field-label[colspan=""2""] > h4","unknown","See likely_template above","","","Heading levels must not skip. Audit the page heading hierarchy and adjust template markup.","","https://dequeuniversity.com/rules/axe/4.11/heading-order?application=playwright","INS-E6A19988; INS-568F7E0B","/contact/field_cardinality_test; /contact/field_cardinality_test"
"63","DRUPAL-A11Y-063","DRU-0F9F72D3","admin-dark::dark::desktop | admin-dark::dark::mobile | admin::light::desktop | admin::light::mobile | claro-dark::dark::desktop | claro-dark::dark::mobile | claro::light::desktop | claro::light::mobile","moderate","1.3.1","A","Info and Relationships","heading-order","2","0%","no","heading-order: Ensure the order of headings is semantically correct","#presuf-formatted-m-values > thead > tr > .field-label[colspan=""2""] > .form-item__label--multiple-value-form.form-item__label","form-element.html.twig","See likely_template above","","","Heading levels must not skip. Audit the page heading hierarchy and adjust template markup.","","https://dequeuniversity.com/rules/axe/4.11/heading-order?application=playwright","INS-AB298E5F; INS-166D9CDA","/contact/presuf_formatted; /contact/presuf_formatted"
"64","DRUPAL-A11Y-064","DRU-D77F6C98","admin-dark::dark::desktop | admin-dark::dark::mobile | admin::light::desktop | admin::light::mobile | claro-dark::dark::desktop | claro-dark::dark::mobile | claro::light::desktop | claro::light::mobile","moderate","1.3.6","A","Identify Purpose","landmark-contentinfo-is-top-level","2","0%","no","landmark-contentinfo-is-top-level: Ensure the contentinfo landmark is at top level",".messages--status","unknown","See likely_template above","","","See axe documentation.","","https://dequeuniversity.com/rules/axe/4.11/landmark-contentinfo-is-top-level?application=playwright","INS-32AE2346; INS-6340BB49","/message; /message"
"65","DRUPAL-A11Y-065","DRU-566DAAD3","admin-dark::dark::desktop | admin-dark::dark::mobile | admin::light::desktop | admin::light::mobile | claro-dark::dark::desktop | claro-dark::dark::mobile | claro::light::desktop | claro::light::mobile","moderate","1.3.6","A","Identify Purpose","landmark-contentinfo-is-top-level","2","0%","no","landmark-contentinfo-is-top-level: Ensure the contentinfo landmark is at top level",".messages--info","unknown","See likely_template above","","","See axe documentation.","","https://dequeuniversity.com/rules/axe/4.11/landmark-contentinfo-is-top-level?application=playwright","INS-8EA427CF; INS-44531B14","/message; /message"
"66","DRUPAL-A11Y-066","DRU-1D229F58","admin-dark::dark::desktop | admin-dark::dark::mobile | admin::light::desktop | admin::light::mobile | claro-dark::dark::desktop | claro-dark::dark::mobile | claro::light::desktop | claro::light::mobile","moderate","1.3.6","A","Identify Purpose","landmark-contentinfo-is-top-level","2","0%","no","landmark-contentinfo-is-top-level: Ensure the contentinfo landmark is at top level",".messages--warning","unknown","See likely_template above","","","See axe documentation.","","https://dequeuniversity.com/rules/axe/4.11/landmark-contentinfo-is-top-level?application=playwright","INS-54574906; INS-20150FA9","/message; /message"
"67","DRUPAL-A11Y-067","DRU-2E022F2F","admin-dark::dark::desktop | admin-dark::dark::mobile | admin::light::desktop | admin::light::mobile | claro-dark::dark::desktop | claro-dark::dark::mobile | claro::light::desktop | claro::light::mobile","moderate","1.3.6","A","Identify Purpose","landmark-contentinfo-is-top-level","2","0%","no","landmark-contentinfo-is-top-level: Ensure the contentinfo landmark is at top level",".messages--error","unknown","See likely_template above","","","See axe documentation.","","https://dequeuniversity.com/rules/axe/4.11/landmark-contentinfo-is-top-level?application=playwright","INS-C77800EB; INS-E1083638","/message; /message"
"68","DRUPAL-A11Y-068","DRU-4EC6FE2A","admin-dark::dark::desktop | admin-dark::dark::mobile | admin::light::desktop | admin::light::mobile | claro-dark::dark::desktop | claro-dark::dark::mobile | claro::light::desktop | claro::light::mobile","moderate","1.3.6","A","Identify Purpose","landmark-contentinfo-is-top-level","2","0%","no","landmark-contentinfo-is-top-level: Ensure the contentinfo landmark is at top level",".messages--custom","unknown","See likely_template above","","","See axe documentation.","","https://dequeuniversity.com/rules/axe/4.11/landmark-contentinfo-is-top-level?application=playwright","INS-B015FF40; INS-91297A72","/message; /message"
"69","DRUPAL-A11Y-069","DRU-1E6BFD21","admin-dark::dark::desktop | admin-dark::dark::mobile | admin::light::desktop | admin::light::mobile | claro-dark::dark::desktop | claro-dark::dark::mobile | claro::light::desktop | claro::light::mobile","moderate","1.3.6","A","Identify Purpose","landmark-no-duplicate-contentinfo","2","0%","no","Status messages block uses role=""contentinfo"", duplicating the page <footer>",".messages--status","unknown","core/themes/claro/templates/misc/status-messages.html.twig     core/modules/system/templates/status-messages.html.twig","Status messages use role=""status"" (non-error) or role=""alert"" (errors)","<div role=""contentinfo"" aria-labelledby=""…""> — conflicts with the page footer landmark","Change the outer wrapper role based on message type:  {# Before (broken) #} <div role=""contentinfo"" aria-labelledby=""{{ title_ids[type] }}""…>  {# After (fixed) #} {%- set msg_role = (type == 'error') ? 'alert' : 'status' -%} <div role=""{{ msg_role }}"" aria-labelledby=""{{ title_ids[type] }}""…>","https://www.drupal.org/project/drupal/issues/new","https://dequeuniversity.com/rules/axe/4.11/landmark-no-duplicate-contentinfo?application=playwright","INS-217D3820; INS-1358DBF4","/message; /message"
"70","DRUPAL-A11Y-070","DRU-338C31F8","admin-dark::dark::desktop | admin-dark::dark::mobile | admin::light::desktop | admin::light::mobile | claro-dark::dark::desktop | claro-dark::dark::mobile | claro::light::desktop | claro::light::mobile","moderate","1.3.6","A","Identify Purpose","landmark-unique","2","0%","no","landmark-unique: Ensure landmarks are unique",".messages--info","unknown","See likely_template above","","","See axe documentation.","","https://dequeuniversity.com/rules/axe/4.11/landmark-unique?application=playwright","INS-72820C3E; INS-C1AF88AE","/message; /message"
"71","DRUPAL-A11Y-071","DRU-F24EBE73","admin-dark::dark::desktop | admin-dark::dark::mobile | admin::light::desktop | admin::light::mobile","moderate","1.3.1","A","Info and Relationships","heading-order","2","0%","no","Admin Configuration page has heading-order violations (h3 appears before h2)",".layout-column.layout-column--half:nth-child(1) > .panel.gin-layer-wrapper:nth-child(1) > .panel__title","unknown","core/modules/system/templates/system-admin-index.html.twig     core/themes/claro/templates (panel/section templates)","Heading levels increment by one: h1 → h2 → h3","Panel titles use <h3> but their section headings may be absent or at wrong level","Audit the heading hierarchy on /admin/config and adjust panel titles:  {# system-admin-index.html.twig — ensure section uses h2, panel uses h3 #} <h2 class=""system-admin-section__title"">{{ section.title }}</h2> <div class=""panel"">   <h3 class=""panel__title"">{{ panel.title }}</h3> </div>","https://www.drupal.org/project/drupal/issues/3318398","https://dequeuniversity.com/rules/axe/4.11/heading-order?application=playwright","INS-8E91B483; INS-A5BF27C7","/cd-navigation/config; /cd-navigation/config"
"72","DRUPAL-A11Y-072","DRU-DB4E5533","admin-dark::dark::desktop | admin-dark::dark::mobile | admin::light::desktop | admin::light::mobile | claro-dark::dark::desktop | claro-dark::dark::mobile | claro::light::desktop | claro::light::mobile","moderate","1.3.1","A","Info and Relationships","heading-order","2","0%","no","heading-order: Ensure the order of headings is semantically correct","#presuf-number-m-values > thead > tr > .field-label[colspan=""2""] > h4","unknown","See likely_template above","","","Heading levels must not skip. Audit the page heading hierarchy and adjust template markup.","","https://dequeuniversity.com/rules/axe/4.11/heading-order?application=playwright","INS-62CA3978; INS-2B45D5B7","/contact/presuf_number; /contact/presuf_number"
"73","DRUPAL-A11Y-073","DRU-230EF4AA","admin-dark::dark::desktop | admin-dark::dark::mobile | admin::light::desktop | admin::light::mobile","moderate","1.3.1","A","Info and Relationships","heading-order","2","0%","no","heading-order: Ensure the order of headings is semantically correct","div[data-drupal-selector=""edit-timestamp-N-value""] > h4","unknown","See likely_template above","","","Heading levels must not skip. Audit the page heading hierarchy and adjust template markup.","","https://dequeuniversity.com/rules/axe/4.11/heading-order?application=playwright","INS-F48714B5; INS-5C51E39F","/contact/textform; /contact/textform"
"74","DRUPAL-A11Y-074","DRU-A7F4E394","admin-dark::dark::desktop | admin-dark::dark::mobile | admin::light::desktop | admin::light::mobile | claro-dark::dark::desktop | claro-dark::dark::mobile | claro::light::desktop | claro::light::mobile","moderate","1.3.1","A","Info and Relationships","heading-order","2","0%","no","heading-order: Ensure the order of headings is semantically correct","#presuf-text-m-values > thead > tr > .field-label[colspan=""2""] > h4","unknown","See likely_template above","","","Heading levels must not skip. Audit the page heading hierarchy and adjust template markup.","","https://dequeuniversity.com/rules/axe/4.11/heading-order?application=playwright","INS-49F53FC9; INS-B2A30286","/contact/presuf_text; /contact/presuf_text"
"75","DRUPAL-A11Y-075","DRU-324EA0B4","claro-dark::dark::desktop | claro-dark::dark::mobile | claro::light::desktop | claro::light::mobile","moderate","1.3.1","A","Info and Relationships","heading-order","2","0%","no","heading-order: Ensure the order of headings is semantically correct",".form-datetime-wrapper.form-item:nth-child(4) > h4","form-element.html.twig","See likely_template above","","","Heading levels must not skip. Audit the page heading hierarchy and adjust template markup.","","https://dequeuniversity.com/rules/axe/4.11/heading-order?application=playwright","INS-F8772D3C; INS-B696306F","/admin/form_style; /admin/form_style"
"76","DRUPAL-A11Y-076","DRU-314602B5","claro-dark::dark::desktop | claro-dark::dark::mobile | claro::light::desktop | claro::light::mobile","moderate","1.3.1","A","Info and Relationships","heading-order","2","0%","no","Admin Configuration page has heading-order violations (h3 appears before h2)",".layout-column.layout-column--half:nth-child(1) > .panel:nth-child(1) > .panel__title","unknown","core/modules/system/templates/system-admin-index.html.twig     core/themes/claro/templates (panel/section templates)","Heading levels increment by one: h1 → h2 → h3","Panel titles use <h3> but their section headings may be absent or at wrong level","Audit the heading hierarchy on /admin/config and adjust panel titles:  {# system-admin-index.html.twig — ensure section uses h2, panel uses h3 #} <h2 class=""system-admin-section__title"">{{ section.title }}</h2> <div class=""panel"">   <h3 class=""panel__title"">{{ panel.title }}</h3> </div>","https://www.drupal.org/project/drupal/issues/3318398","https://dequeuniversity.com/rules/axe/4.11/heading-order?application=playwright","INS-79516607; INS-5A88424C","/cd-navigation/config; /cd-navigation/config"
"77","DRUPAL-A11Y-077","DRU-50F1F471","claro-dark::dark::desktop | claro-dark::dark::mobile | claro::light::desktop | claro::light::mobile","moderate","1.3.1","A","Info and Relationships","heading-order","2","0%","no","heading-order: Ensure the order of headings is semantically correct","#edit-timestamp-wrapper > .form-datetime-wrapper.form-item > h4","form-element.html.twig","See likely_template above","","","Heading levels must not skip. Audit the page heading hierarchy and adjust template markup.","","https://dequeuniversity.com/rules/axe/4.11/heading-order?application=playwright","INS-1940F8CC; INS-9676EF18","/contact/textform; /contact/textform"
"78","DRUPAL-A11Y-078","DRU-ADD15A4D","olivero-dark::dark::desktop | olivero-dark::dark::mobile | olivero::light::desktop | olivero::light::mobile","moderate","1.3.1","A","Info and Relationships","page-has-heading-one","2","0%","no","Homepage has no <h1> heading — screen reader users cannot identify page topic","html","unknown","core/themes/olivero/templates/layout/page--front.html.twig     Site configuration (site name / front page node)","Every page contains exactly one <h1> that identifies the page","Olivero front page renders no <h1>; the site name in the header is not an <h1>","Option A — Make site name an h1 on the front page only:  {# page--front.html.twig #} {% if is_front %}   <h1 class=""site-name"">{{ site_name }}</h1> {% else %}   <div class=""site-name"">{{ site_name }}</div> {% endif %}  Option B — Ensure the promoted front page node has an h1 title rendered.","https://www.drupal.org/project/drupal/issues/new","https://dequeuniversity.com/rules/axe/4.11/page-has-heading-one?application=playwright","INS-C56E21D1; INS-13EEEC14","/; /"
"79","DRUPAL-A11Y-079","DRU-23F4C000","admin-dark::dark::desktop | admin-dark::dark::mobile | admin::light::desktop | admin::light::mobile | claro-dark::dark::desktop | claro-dark::dark::mobile | claro::light::desktop | claro::light::mobile","minor","unknown","?","See axe docs","empty-heading","4","1%","YES","empty-heading: Ensure headings have discernible text","h3:nth-child(3)","unknown","See likely_template above","","","See axe documentation.","","https://dequeuniversity.com/rules/axe/4.11/empty-heading?application=playwright","INS-EBD6D1DE; INS-FF513257; INS-7B033AB7; INS-77B617FF","/dialog; /dialog; /tabs; /tabs"
"80","DRUPAL-A11Y-080","DRU-3A79F1C0","admin-dark::dark::desktop | admin-dark::dark::mobile | admin::light::desktop | admin::light::mobile | claro-dark::dark::desktop | claro-dark::dark::mobile | claro::light::desktop | claro::light::mobile","minor","unknown","?","See axe docs","empty-heading","4","1%","YES","empty-heading: Ensure headings have discernible text","h3:nth-child(4)","unknown","See likely_template above","","","See axe documentation.","","https://dequeuniversity.com/rules/axe/4.11/empty-heading?application=playwright","INS-FD01376B; INS-5E2BEBF0; INS-5577EA5A; INS-C7957CDF","/dialog; /dialog; /tabs; /tabs"
"81","DRUPAL-A11Y-081","DRU-CEACF4BC","admin-dark::dark::desktop | admin-dark::dark::mobile | admin::light::desktop | admin::light::mobile | claro-dark::dark::desktop | claro-dark::dark::mobile | claro::light::desktop | claro::light::mobile","minor","unknown","?","See axe docs","empty-heading","4","1%","YES","empty-heading: Ensure headings have discernible text","h3:nth-child(5)","unknown","See likely_template above","","","See axe documentation.","","https://dequeuniversity.com/rules/axe/4.11/empty-heading?application=playwright","INS-DE731FB7; INS-CC6C10C4; INS-3C95FFB2; INS-A8CCBEE6","/dialog; /dialog; /tabs; /tabs"
"82","DRUPAL-A11Y-082","DRU-D620CA23","admin-dark::dark::desktop | admin-dark::dark::mobile | admin::light::desktop | admin::light::mobile | claro-dark::dark::desktop | claro-dark::dark::mobile | claro::light::desktop | claro::light::mobile","minor","unknown","?","See axe docs","empty-heading","4","1%","YES","empty-heading: Ensure headings have discernible text","h3:nth-child(6)","unknown","See likely_template above","","","See axe documentation.","","https://dequeuniversity.com/rules/axe/4.11/empty-heading?application=playwright","INS-7E1BB7BA; INS-2B805866; INS-BD7097D8; INS-1DD9AA40","/dialog; /dialog; /tabs; /tabs"
"83","DRUPAL-A11Y-083","DRU-EDB3860D","admin-dark::dark::desktop | admin-dark::dark::mobile | admin::light::desktop | admin::light::mobile | claro-dark::dark::desktop | claro-dark::dark::mobile | claro::light::desktop | claro::light::mobile","minor","unknown","?","See axe docs","empty-table-header","2","0%","no","empty-table-header: Ensure table headers have discernible text","th:nth-child(2)","unknown","See likely_template above","","","See axe documentation.","","https://dequeuniversity.com/rules/axe/4.11/empty-table-header?application=playwright","INS-1C9FFF43; INS-23848B56","/autocomplete; /autocomplete"
"84","DRUPAL-A11Y-084","DRU-64DC1B5C","admin-dark::dark::desktop | admin-dark::dark::mobile | admin::light::desktop | admin::light::mobile | claro-dark::dark::desktop | claro-dark::dark::mobile | claro::light::desktop | claro::light::mobile","minor","unknown","?","See axe docs","empty-heading","2","0%","no","empty-heading: Ensure headings have discernible text","h3:nth-child(7)","unknown","See likely_template above","","","See axe documentation.","","https://dequeuniversity.com/rules/axe/4.11/empty-heading?application=playwright","INS-C4C1AE18; INS-8B44A1E8","/dialog; /dialog"
"85","DRUPAL-A11Y-085","DRU-85A6C08E","admin-dark::dark::desktop | admin-dark::dark::mobile | admin::light::desktop | admin::light::mobile | claro-dark::dark::desktop | claro-dark::dark::mobile | claro::light::desktop | claro::light::mobile","minor","unknown","?","See axe docs","empty-heading","2","0%","no","empty-heading: Ensure headings have discernible text","h3:nth-child(8)","unknown","See likely_template above","","","See axe documentation.","","https://dequeuniversity.com/rules/axe/4.11/empty-heading?application=playwright","INS-F632ECFD; INS-B71E15EB","/dialog; /dialog"
"86","DRUPAL-A11Y-086","DRU-37576A02","admin-dark::dark::desktop | admin-dark::dark::mobile | admin::light::desktop | admin::light::mobile | claro-dark::dark::desktop | claro-dark::dark::mobile | claro::light::desktop | claro::light::mobile","minor","unknown","?","See axe docs","empty-table-header","2","0%","no","empty-table-header: Ensure table headers have discernible text","#multitext-unlimited-values > thead > tr > th:nth-child(2)","unknown","See likely_template above","","","See axe documentation.","","https://dequeuniversity.com/rules/axe/4.11/empty-table-header?application=playwright","INS-721FFF91; INS-D0076929","/contact/field_cardinality_test; /contact/field_cardinality_test"
"87","DRUPAL-A11Y-087","DRU-4418E839","admin-dark::dark::desktop | admin-dark::dark::mobile | admin::light::desktop | admin::light::mobile | claro-dark::dark::desktop | claro-dark::dark::mobile | claro::light::desktop | claro::light::mobile","minor","unknown","?","See axe docs","empty-table-header","2","0%","no","empty-table-header: Ensure table headers have discernible text","#multitext-unlimited-disabled-values > thead > tr > th:nth-child(2)","unknown","See likely_template above","","","See axe documentation.","","https://dequeuniversity.com/rules/axe/4.11/empty-table-header?application=playwright","INS-E6BDA351; INS-9D803FB2","/contact/field_cardinality_test; /contact/field_cardinality_test"
"88","DRUPAL-A11Y-088","DRU-002D1F3E","admin-dark::dark::desktop | admin-dark::dark::mobile | admin::light::desktop | admin::light::mobile | claro-dark::dark::desktop | claro-dark::dark::mobile | claro::light::desktop | claro::light::mobile","minor","unknown","?","See axe docs","empty-table-header","2","0%","no","empty-table-header: Ensure table headers have discernible text","#multitext-unlimited-required-values > thead > tr > th:nth-child(2)","unknown","See likely_template above","","","See axe documentation.","","https://dequeuniversity.com/rules/axe/4.11/empty-table-header?application=playwright","INS-2FD4B698; INS-D76EB858","/contact/field_cardinality_test; /contact/field_cardinality_test"
"89","DRUPAL-A11Y-089","DRU-0E002DB2","admin-dark::dark::desktop | admin-dark::dark::mobile | admin::light::desktop | admin::light::mobile | claro-dark::dark::desktop | claro-dark::dark::mobile | claro::light::desktop | claro::light::mobile","minor","unknown","?","See axe docs","empty-table-header","2","0%","no","empty-table-header: Ensure table headers have discernible text","#multitext-unlimited-required-dis-values > thead > tr > th:nth-child(2)","unknown","See likely_template above","","","See axe documentation.","","https://dequeuniversity.com/rules/axe/4.11/empty-table-header?application=playwright","INS-3C7BA57A; INS-7872DF86","/contact/field_cardinality_test; /contact/field_cardinality_test"
"90","DRUPAL-A11Y-090","DRU-4F25E28D","admin-dark::dark::desktop | admin-dark::dark::mobile | admin::light::desktop | admin::light::mobile | claro-dark::dark::desktop | claro-dark::dark::mobile | claro::light::desktop | claro::light::mobile","minor","unknown","?","See axe docs","empty-table-header","2","0%","no","empty-table-header: Ensure table headers have discernible text","#multitext-limited-values > thead > tr > th:nth-child(2)","unknown","See likely_template above","","","See axe documentation.","","https://dequeuniversity.com/rules/axe/4.11/empty-table-header?application=playwright","INS-AF571ABF; INS-1617D470","/contact/field_cardinality_test; /contact/field_cardinality_test"
"91","DRUPAL-A11Y-091","DRU-0C1D464A","admin-dark::dark::desktop | admin-dark::dark::mobile | admin::light::desktop | admin::light::mobile | claro-dark::dark::desktop | claro-dark::dark::mobile | claro::light::desktop | claro::light::mobile","minor","unknown","?","See axe docs","empty-table-header","2","0%","no","empty-table-header: Ensure table headers have discernible text","#multitext-limited-disabled-values > thead > tr > th:nth-child(2)","unknown","See likely_template above","","","See axe documentation.","","https://dequeuniversity.com/rules/axe/4.11/empty-table-header?application=playwright","INS-2E3E0791; INS-238DF668","/contact/field_cardinality_test; /contact/field_cardinality_test"
"92","DRUPAL-A11Y-092","DRU-40AC4263","admin-dark::dark::desktop | admin-dark::dark::mobile | admin::light::desktop | admin::light::mobile | claro-dark::dark::desktop | claro-dark::dark::mobile | claro::light::desktop | claro::light::mobile","minor","unknown","?","See axe docs","empty-table-header","2","0%","no","empty-table-header: Ensure table headers have discernible text","#multitext-limited-required-values > thead > tr > th:nth-child(2)","unknown","See likely_template above","","","See axe documentation.","","https://dequeuniversity.com/rules/axe/4.11/empty-table-header?application=playwright","INS-03CA59E4; INS-53F8D1A9","/contact/field_cardinality_test; /contact/field_cardinality_test"
"93","DRUPAL-A11Y-093","DRU-2439CA80","admin-dark::dark::desktop | admin-dark::dark::mobile | admin::light::desktop | admin::light::mobile | claro-dark::dark::desktop | claro-dark::dark::mobile | claro::light::desktop | claro::light::mobile","minor","unknown","?","See axe docs","empty-table-header","2","0%","no","empty-table-header: Ensure table headers have discernible text","#multitext-limited-required-dis-values > thead > tr > th:nth-child(2)","unknown","See likely_template above","","","See axe documentation.","","https://dequeuniversity.com/rules/axe/4.11/empty-table-header?application=playwright","INS-7B45D9CE; INS-2CFB581E","/contact/field_cardinality_test; /contact/field_cardinality_test"
"94","DRUPAL-A11Y-094","DRU-E5751357","admin-dark::dark::desktop | admin-dark::dark::mobile | admin::light::desktop | admin::light::mobile | claro-dark::dark::desktop | claro-dark::dark::mobile | claro::light::desktop | claro::light::mobile","minor","unknown","?","See axe docs","empty-table-header","2","0%","no","empty-table-header: Ensure table headers have discernible text","#presuf-formatted-m-values > thead > tr > th:nth-child(2)","unknown","See likely_template above","","","See axe documentation.","","https://dequeuniversity.com/rules/axe/4.11/empty-table-header?application=playwright","INS-0CF998D8; INS-755D74AA","/contact/presuf_formatted; /contact/presuf_formatted"
"95","DRUPAL-A11Y-095","DRU-EE245D13","admin-dark::dark::desktop | admin-dark::dark::mobile | admin::light::desktop | admin::light::mobile | claro-dark::dark::desktop | claro-dark::dark::mobile | claro::light::desktop | claro::light::mobile","minor","unknown","?","See axe docs","empty-table-header","2","0%","no","empty-table-header: Ensure table headers have discernible text","#presuf-formatted-pre-m-values > thead > tr > th:nth-child(2)","unknown","See likely_template above","","","See axe documentation.","","https://dequeuniversity.com/rules/axe/4.11/empty-table-header?application=playwright","INS-DB5550DA; INS-207C4875","/contact/presuf_formatted; /contact/presuf_formatted"
"96","DRUPAL-A11Y-096","DRU-252A50D2","admin-dark::dark::desktop | admin-dark::dark::mobile | admin::light::desktop | admin::light::mobile | claro-dark::dark::desktop | claro-dark::dark::mobile | claro::light::desktop | claro::light::mobile","minor","unknown","?","See axe docs","empty-table-header","2","0%","no","empty-table-header: Ensure table headers have discernible text","#presuf-formatted-suf-m-values > thead > tr > th:nth-child(2)","unknown","See likely_template above","","","See axe documentation.","","https://dequeuniversity.com/rules/axe/4.11/empty-table-header?application=playwright","INS-2A171D89; INS-1B6C288A","/contact/presuf_formatted; /contact/presuf_formatted"
"97","DRUPAL-A11Y-097","DRU-9EC31A47","admin-dark::dark::desktop | admin-dark::dark::mobile | admin::light::desktop | admin::light::mobile | claro-dark::dark::desktop | claro-dark::dark::mobile | claro::light::desktop | claro::light::mobile","minor","unknown","?","See axe docs","empty-table-header","2","0%","no","empty-table-header: Ensure table headers have discernible text","#presuf-formatted-pre-suf-m-values > thead > tr > th:nth-child(2)","unknown","See likely_template above","","","See axe documentation.","","https://dequeuniversity.com/rules/axe/4.11/empty-table-header?application=playwright","INS-06AE9FC8; INS-706CE780","/contact/presuf_formatted; /contact/presuf_formatted"
"98","DRUPAL-A11Y-098","DRU-3E277CF3","admin-dark::dark::desktop | admin-dark::dark::mobile | admin::light::desktop | admin::light::mobile | claro-dark::dark::desktop | claro-dark::dark::mobile | claro::light::desktop | claro::light::mobile","minor","unknown","?","See axe docs","empty-table-header","2","0%","no","empty-table-header: Ensure table headers have discernible text","#presuf-number-m-values > thead > tr > th:nth-child(2)","unknown","See likely_template above","","","See axe documentation.","","https://dequeuniversity.com/rules/axe/4.11/empty-table-header?application=playwright","INS-3615154C; INS-57BF05B0","/contact/presuf_number; /contact/presuf_number"
"99","DRUPAL-A11Y-099","DRU-8DB2DC9B","admin-dark::dark::desktop | admin-dark::dark::mobile | admin::light::desktop | admin::light::mobile | claro-dark::dark::desktop | claro-dark::dark::mobile | claro::light::desktop | claro::light::mobile","minor","unknown","?","See axe docs","empty-table-header","2","0%","no","empty-table-header: Ensure table headers have discernible text","#presuf-number-pre-m-values > thead > tr > th:nth-child(2)","unknown","See likely_template above","","","See axe documentation.","","https://dequeuniversity.com/rules/axe/4.11/empty-table-header?application=playwright","INS-813BA53C; INS-476DADF5","/contact/presuf_number; /contact/presuf_number"
"100","DRUPAL-A11Y-100","DRU-327E6146","admin-dark::dark::desktop | admin-dark::dark::mobile | admin::light::desktop | admin::light::mobile | claro-dark::dark::desktop | claro-dark::dark::mobile | claro::light::desktop | claro::light::mobile","minor","unknown","?","See axe docs","empty-table-header","2","0%","no","empty-table-header: Ensure table headers have discernible text","#presuf-number-suf-m-values > thead > tr > th:nth-child(2)","unknown","See likely_template above","","","See axe documentation.","","https://dequeuniversity.com/rules/axe/4.11/empty-table-header?application=playwright","INS-4D3CAB8C; INS-4274A02B","/contact/presuf_number; /contact/presuf_number"
"101","DRUPAL-A11Y-101","DRU-2F931E38","admin-dark::dark::desktop | admin-dark::dark::mobile | admin::light::desktop | admin::light::mobile | claro-dark::dark::desktop | claro-dark::dark::mobile | claro::light::desktop | claro::light::mobile","minor","unknown","?","See axe docs","empty-table-header","2","0%","no","empty-table-header: Ensure table headers have discernible text","#presuf-number-pre-suf-m-values > thead > tr > th:nth-child(2)","unknown","See likely_template above","","","See axe documentation.","","https://dequeuniversity.com/rules/axe/4.11/empty-table-header?application=playwright","INS-66AD5BE9; INS-4E9A279F","/contact/presuf_number; /contact/presuf_number"
"102","DRUPAL-A11Y-102","DRU-E63E1EE7","admin-dark::dark::desktop | admin-dark::dark::mobile | admin::light::desktop | admin::light::mobile","minor","unknown","?","See axe docs","empty-heading","2","0%","no","empty-heading: Ensure headings have discernible text","#block-default-admin-content > h3","block.html.twig","See likely_template above","","","See axe documentation.","","https://dequeuniversity.com/rules/axe/4.11/empty-heading?application=playwright","INS-93C0777E; INS-8004C104","/tabs/format/plain_text; /tabs/format/plain_text"
"103","DRUPAL-A11Y-103","DRU-869918A8","admin-dark::dark::desktop | admin-dark::dark::mobile | admin::light::desktop | admin::light::mobile","minor","unknown","?","See axe docs","empty-heading","2","0%","no","empty-heading: Ensure headings have discernible text","#block-default-admin-content > h3:nth-child(1)","block.html.twig","See likely_template above","","","See axe documentation.","","https://dequeuniversity.com/rules/axe/4.11/empty-heading?application=playwright","INS-B35FCB9C; INS-B4B1CBE2","/tabs; /tabs"
"104","DRUPAL-A11Y-104","DRU-8420EC72","admin-dark::dark::desktop | admin-dark::dark::mobile | admin::light::desktop | admin::light::mobile | claro-dark::dark::desktop | claro-dark::dark::mobile | claro::light::desktop | claro::light::mobile","minor","unknown","?","See axe docs","empty-heading","2","0%","no","empty-heading: Ensure headings have discernible text","h3:nth-child(2)","unknown","See likely_template above","","","See axe documentation.","","https://dequeuniversity.com/rules/axe/4.11/empty-heading?application=playwright","INS-E71175CB; INS-F4F655E7","/tabs; /tabs"
"105","DRUPAL-A11Y-105","DRU-DF0FFA94","admin-dark::dark::desktop | admin-dark::dark::mobile | admin::light::desktop | admin::light::mobile | claro-dark::dark::desktop | claro-dark::dark::mobile | claro::light::desktop | claro::light::mobile","minor","unknown","?","See axe docs","empty-table-header","2","0%","no","empty-table-header: Ensure table headers have discernible text","#presuf-text-m-values > thead > tr > th:nth-child(2)","unknown","See likely_template above","","","See axe documentation.","","https://dequeuniversity.com/rules/axe/4.11/empty-table-header?application=playwright","INS-69EC7EF3; INS-4DF72B52","/contact/presuf_text; /contact/presuf_text"
"106","DRUPAL-A11Y-106","DRU-40710F77","admin-dark::dark::desktop | admin-dark::dark::mobile | admin::light::desktop | admin::light::mobile | claro-dark::dark::desktop | claro-dark::dark::mobile | claro::light::desktop | claro::light::mobile","minor","unknown","?","See axe docs","empty-table-header","2","0%","no","empty-table-header: Ensure table headers have discernible text","#presuf-text-pre-m-values > thead > tr > th:nth-child(2)","unknown","See likely_template above","","","See axe documentation.","","https://dequeuniversity.com/rules/axe/4.11/empty-table-header?application=playwright","INS-F6B7667A; INS-E8E2410F","/contact/presuf_text; /contact/presuf_text"
"107","DRUPAL-A11Y-107","DRU-EC2967BA","admin-dark::dark::desktop | admin-dark::dark::mobile | admin::light::desktop | admin::light::mobile | claro-dark::dark::desktop | claro-dark::dark::mobile | claro::light::desktop | claro::light::mobile","minor","unknown","?","See axe docs","empty-table-header","2","0%","no","empty-table-header: Ensure table headers have discernible text","#presuf-text-suf-m-values > thead > tr > th:nth-child(2)","unknown","See likely_template above","","","See axe documentation.","","https://dequeuniversity.com/rules/axe/4.11/empty-table-header?application=playwright","INS-28589058; INS-1A2C59B9","/contact/presuf_text; /contact/presuf_text"
"108","DRUPAL-A11Y-108","DRU-97ED56DC","admin-dark::dark::desktop | admin-dark::dark::mobile | admin::light::desktop | admin::light::mobile | claro-dark::dark::desktop | claro-dark::dark::mobile | claro::light::desktop | claro::light::mobile","minor","unknown","?","See axe docs","empty-table-header","2","0%","no","empty-table-header: Ensure table headers have discernible text","#presuf-text-pre-suf-m-values > thead > tr > th:nth-child(2)","unknown","See likely_template above","","","See axe documentation.","","https://dequeuniversity.com/rules/axe/4.11/empty-table-header?application=playwright","INS-C1FF2EA8; INS-24D788EB","/contact/presuf_text; /contact/presuf_text"
"109","DRUPAL-A11Y-109","DRU-412610AC","admin-dark::dark::desktop | admin-dark::dark::mobile | admin::light::desktop | admin::light::mobile | claro-dark::dark::desktop | claro-dark::dark::mobile | claro::light::desktop | claro::light::mobile","minor","unknown","?","See axe docs","empty-heading","2","0%","no","empty-heading: Ensure headings have discernible text","h1","unknown","See likely_template above","","","See axe documentation.","","https://dequeuniversity.com/rules/axe/4.11/empty-heading?application=playwright","INS-423F682C; INS-E27B1D6C","/; /"
"110","DRUPAL-A11Y-110","DRU-D23FC357","claro-dark::dark::desktop | claro-dark::dark::mobile | claro::light::desktop | claro::light::mobile","minor","unknown","?","See axe docs","empty-heading","2","0%","no","empty-heading: Ensure headings have discernible text","#block-claro-content > h3","block.html.twig","See likely_template above","","","See axe documentation.","","https://dequeuniversity.com/rules/axe/4.11/empty-heading?application=playwright","INS-BFB35709; INS-A3011FB8","/tabs/format/plain_text; /tabs/format/plain_text"
"111","DRUPAL-A11Y-111","DRU-4267C801","claro-dark::dark::desktop | claro-dark::dark::mobile | claro::light::desktop | claro::light::mobile","minor","unknown","?","See axe docs","empty-table-header","2","0%","no","empty-table-header: Ensure table headers have discernible text","#edit-table-empty > thead > tr > .select-all","unknown","See likely_template above","","","See axe documentation.","","https://dequeuniversity.com/rules/axe/4.11/empty-table-header?application=playwright","INS-75B73110; INS-B21395D6","/table; /table"
"112","DRUPAL-A11Y-112","DRU-471C2411","claro-dark::dark::desktop | claro-dark::dark::mobile | claro::light::desktop | claro::light::mobile","minor","unknown","?","See axe docs","empty-heading","2","0%","no","empty-heading: Ensure headings have discernible text","#block-claro-content > h3:nth-child(1)","block.html.twig","See likely_template above","","","See axe documentation.","","https://dequeuniversity.com/rules/axe/4.11/empty-heading?application=playwright","INS-A4B2A699; INS-33DF35E6","/tabs; /tabs"